run_id,adapter_config,seed,cycle,late_message_count,service_survived,observed_code,claim_valid,status
lifecycle_stress_constant_velocity_17_full_lifecycle_hardening_cycle01,full_lifecycle_hardening,17,01,4,true,late_events_classified,false,completed
lifecycle_stress_constant_velocity_17_full_lifecycle_hardening_cycle02,full_lifecycle_hardening,17,02,4,true,late_events_classified,false,completed
lifecycle_stress_constant_velocity_17_full_lifecycle_hardening_cycle03,full_lifecycle_hardening,17,03,4,true,late_events_classified,false,completed
lifecycle_stress_constant_velocity_17_full_lifecycle_hardening_cycle04,full_lifecycle_hardening,17,04,4,true,late_events_classified,false,completed
lifecycle_stress_constant_velocity_17_full_lifecycle_hardening_cycle05,full_lifecycle_hardening,17,05,4,true,late_events_classified,false,completed
lifecycle_stress_constant_velocity_17_full_lifecycle_hardening_cycle06,full_lifecycle_hardening,17,06,4,true,late_events_classified,false,completed
lifecycle_stress_constant_velocity_17_full_lifecycle_hardening_cycle07,full_lifecycle_hardening,17,07,4,true,late_events_classified,false,completed
lifecycle_stress_constant_velocity_17_full_lifecycle_hardening_cycle08,full_lifecycle_hardening,17,08,4,true,late_events_classified,false,completed
lifecycle_stress_constant_velocity_17_full_lifecycle_hardening_cycle09,full_lifecycle_hardening,17,09,4,true,late_events_classified,false,completed
lifecycle_stress_constant_velocity_17_full_lifecycle_hardening_cycle10,full_lifecycle_hardening,17,10,4,true,late_events_classified,false,completed
lifecycle_stress_constant_velocity_17_full_lifecycle_hardening_cycle11,full_lifecycle_hardening,17,11,4,true,late_events_classified,false,completed
lifecycle_stress_constant_velocity_17_full_lifecycle_hardening_cycle12,full_lifecycle_hardening,17,12,4,true,late_events_classified,false,completed
lifecycle_stress_constant_velocity_17_full_lifecycle_hardening_cycle13,full_lifecycle_hardening,17,13,4,true,late_events_classified,false,completed
lifecycle_stress_constant_velocity_17_full_lifecycle_hardening_cycle14,full_lifecycle_hardening,17,14,4,true,late_events_classified,false,completed
lifecycle_stress_constant_velocity_17_full_lifecycle_hardening_cycle15,full_lifecycle_hardening,17,15,4,true,late_events_classified,false,completed
lifecycle_stress_constant_velocity_17_full_lifecycle_hardening_cycle16,full_lifecycle_hardening,17,16,4,true,late_events_classified,false,completed
lifecycle_stress_constant_velocity_17_full_lifecycle_hardening_cycle17,full_lifecycle_hardening,17,17,4,true,late_events_classified,false,completed
lifecycle_stress_constant_velocity_17_full_lifecycle_hardening_cycle18,full_lifecycle_hardening,17,18,4,true,late_events_classified,false,completed
lifecycle_stress_constant_velocity_17_full_lifecycle_hardening_cycle19,full_lifecycle_hardening,17,19,4,true,late_events_classified,false,completed
lifecycle_stress_constant_velocity_17_full_lifecycle_hardening_cycle20,full_lifecycle_hardening,17,20,4,true,late_events_classified,false,completed
lifecycle_stress_constant_velocity_17_strict_or_pre_hardening_behavior_cycle01,strict_or_pre_hardening_behavior,17,01,1,false,duplicate_close_unhandled,false,completed
lifecycle_stress_constant_velocity_17_strict_or_pre_hardening_behavior_cycle02,strict_or_pre_hardening_behavior,17,02,1,false,duplicate_close_unhandled,false,completed
lifecycle_stress_constant_velocity_17_strict_or_pre_hardening_behavior_cycle03,strict_or_pre_hardening_behavior,17,03,1,false,duplicate_close_unhandled,false,completed
lifecycle_stress_constant_velocity_17_strict_or_pre_hardening_behavior_cycle04,strict_or_pre_hardening_behavior,17,04,1,false,duplicate_close_unhandled,false,completed
lifecycle_stress_constant_velocity_17_strict_or_pre_hardening_behavior_cycle05,strict_or_pre_hardening_behavior,17,05,1,false,duplicate_close_unhandled,false,completed
lifecycle_stress_constant_velocity_17_strict_or_pre_hardening_behavior_cycle06,strict_or_pre_hardening_behavior,17,06,1,false,duplicate_close_unhandled,false,completed
lifecycle_stress_constant_velocity_17_strict_or_pre_hardening_behavior_cycle07,strict_or_pre_hardening_behavior,17,07,1,false,duplicate_close_unhandled,false,completed
lifecycle_stress_constant_velocity_17_strict_or_pre_hardening_behavior_cycle08,strict_or_pre_hardening_behavior,17,08,1,false,duplicate_close_unhandled,false,completed
lifecycle_stress_constant_velocity_17_strict_or_pre_hardening_behavior_cycle09,strict_or_pre_hardening_behavior,17,09,1,false,duplicate_close_unhandled,false,completed
lifecycle_stress_constant_velocity_17_strict_or_pre_hardening_behavior_cycle10,strict_or_pre_hardening_behavior,17,10,1,false,duplicate_close_unhandled,false,completed
lifecycle_stress_constant_velocity_17_strict_or_pre_hardening_behavior_cycle11,strict_or_pre_hardening_behavior,17,11,1,false,duplicate_close_unhandled,false,completed
lifecycle_stress_constant_velocity_17_strict_or_pre_hardening_behavior_cycle12,strict_or_pre_hardening_behavior,17,12,1,false,duplicate_close_unhandled,false,completed
lifecycle_stress_constant_velocity_17_strict_or_pre_hardening_behavior_cycle13,strict_or_pre_hardening_behavior,17,13,1,false,duplicate_close_unhandled,false,completed
lifecycle_stress_constant_velocity_17_strict_or_pre_hardening_behavior_cycle14,strict_or_pre_hardening_behavior,17,14,1,false,duplicate_close_unhandled,false,completed
lifecycle_stress_constant_velocity_17_strict_or_pre_hardening_behavior_cycle15,strict_or_pre_hardening_behavior,17,15,1,false,duplicate_close_unhandled,false,completed
lifecycle_stress_constant_velocity_17_strict_or_pre_hardening_behavior_cycle16,strict_or_pre_hardening_behavior,17,16,1,false,duplicate_close_unhandled,false,completed
lifecycle_stress_constant_velocity_17_strict_or_pre_hardening_behavior_cycle17,strict_or_pre_hardening_behavior,17,17,1,false,duplicate_close_unhandled,false,completed
lifecycle_stress_constant_velocity_17_strict_or_pre_hardening_behavior_cycle18,strict_or_pre_hardening_behavior,17,18,1,false,duplicate_close_unhandled,false,completed
lifecycle_stress_constant_velocity_17_strict_or_pre_hardening_behavior_cycle19,strict_or_pre_hardening_behavior,17,19,1,false,duplicate_close_unhandled,false,completed
lifecycle_stress_constant_velocity_17_strict_or_pre_hardening_behavior_cycle20,strict_or_pre_hardening_behavior,17,20,1,false,duplicate_close_unhandled,false,completed
